inputUrl,id,type,shortCode,caption,hashtags,mentions,url,commentsCount,firstComment,latestComments,dimensionsHeight,dimensionsWidth,displayUrl,images,videoUrl,alt,likesCount,videoViewCount,videoPlayCount,timestamp,childPosts,ownerFullName,ownerUsername,ownerId,productType,videoDuration,isSponsored,musicInfo,isCommentsDisabled,taggedUsers
https://www.instagram.com/johnkeeganlifestyle,3486626496647556513,Video,DBi_FNlJG2h,Younger women dating older men is this common as the sun rising in the morning. What is the attraction? As a dating coach I‚Äôm always curious to know what are the fundamental elements that make people attracted to each other. I interviewed women in the streets of New York City on their thoughts on what makes younger women attracted to older men. Their answers may surprise you!  leave your thoughts in the commentsüëáüèº #datingadvice #streetinterview #oldermen #maydecemberromance #masculinefemininepolarity #masculineenergy #moderndating #alphamindset #confidenceiskey #datingcoachformen,"['datingadvice', 'streetinterview', 'oldermen', 'maydecemberromance', 'masculinefemininepolarity', 'masculineenergy', 'moderndating', 'alphamindset', 'confidenceiskey', 'datingcoachformen']",[],https://www.instagram.com/p/DBi_FNlJG2h/,2166,lol I‚Äôm 31 but look 20. Reverse uno card on age üíÄ,"[{'id': '18051630701144388', 'text': 'lol I‚Äôm 31 but look 20. Reverse uno card on age üíÄ', 'ownerUsername': 'dead_avocado', 'ownerProfilePicUrl': 'https://scontent-sjc3-1.cdninstagram.com/v/t51.2885-19/461607265_1219909832561247_2291092768825810027_n.jpg?stp=dst-jpg_s150x150_tt6&_nc_ht=scontent-sjc3-1.cdninstagram.com&_nc_cat=103&_nc_oc=Q6cZ2QFJd_JlpfygPr9hK4jG-X-SciAvcF9spGa01ORZ0vnsRXNeEFHqcDQHGqecNIPZuRE&_nc_ohc=0x-NdYIBLzIQ7kNvwEz1r9M&_nc_gid=8umrkCRyS5YXsXPHz8XWuA&edm=APs17CUBAAAA&ccb=7-5&oh=00_AfSv8525ZAB-lzqpASxFE3RZ2B6HJrE6ZVBohVMHNHF14A&oe=686EE9D7&_nc_sid=10d13b', 'timestamp': '2025-06-30T21:40:35.000Z', 'repliesCount': 0, 'replies': [], 'likesCount': 0, 'owner': {'id': '1471954074', 'is_verified': False, 'profile_pic_url': 'https://scontent-sjc3-1.cdninstagram.com/v/t51.2885-19/461607265_1219909832561247_2291092768825810027_n.jpg?stp=dst-jpg_s150x150_tt6&_nc_ht=scontent-sjc3-1.cdninstagram.com&_nc_cat=103&_nc_oc=Q6cZ2QFJd_JlpfygPr9hK4jG-X-SciAvcF9spGa01ORZ0vnsRXNeEFHqcDQHGqecNIPZuRE&_nc_ohc=0x-NdYIBLzIQ7kNvwEz1r9M&_nc_gid=8umrkCRyS5YXsXPHz8XWuA&edm=APs17CUBAAAA&ccb=7-5&oh=00_AfSv8525ZAB-lzqpASxFE3RZ2B6HJrE6ZVBohVMHNHF14A&oe=686EE9D7&_nc_sid=10d13b', 'username': 'dead_avocado'}}, {'id': '17842842381526837', 'text': 'üî•üòç', 'ownerUsername': 'love.by.aura', 'ownerProfilePicUrl': 'https://scontent-sjc3-1.cdninstagram.com/v/t51.2885-19/514308594_17846084796513640_609081692312236501_n.jpg?stp=dst-jpg_s150x150_tt6&_nc_ht=scontent-sjc3-1.cdninstagram.com&_nc_cat=104&_nc_oc=Q6cZ2QFJd_JlpfygPr9hK4jG-X-SciAvcF9spGa01ORZ0vnsRXNeEFHqcDQHGqecNIPZuRE&_nc_ohc=yGxjaMIi1eUQ7kNvwFJ9ipq&_nc_gid=8umrkCRyS5YXsXPHz8XWuA&edm=APs17CUBAAAA&ccb=7-5&oh=00_AfTWXexO2baqqESGXipz_HTFs27kz7sLUyS3tJvVRHqVYQ&oe=686F0CF3&_nc_sid=10d13b', 'timestamp': '2025-06-29T02:58:00.000Z', 'repliesCount': 0, 'replies': [], 'likesCount': 0, 'owner': {'id': '75537441639', 'is_verified': False, 'profile_pic_url': 'https://scontent-sjc3-1.cdninstagram.com/v/t51.2885-19/514308594_17846084796513640_609081692312236501_n.jpg?stp=dst-jpg_s150x150_tt6&_nc_ht=scontent-sjc3-1.cdninstagram.com&_nc_cat=104&_nc_oc=Q6cZ2QFJd_JlpfygPr9hK4jG-X-SciAvcF9spGa01ORZ0vnsRXNeEFHqcDQHGqecNIPZuRE&_nc_ohc=yGxjaMIi1eUQ7kNvwFJ9ipq&_nc_gid=8umrkCRyS5YXsXPHz8XWuA&edm=APs17CUBAAAA&ccb=7-5&oh=00_AfTWXexO2baqqESGXipz_HTFs27kz7sLUyS3tJvVRHqVYQ&oe=686F0CF3&_nc_sid=10d13b', 'username': 'love.by.aura'}}, {'id': '18053284886593050', 'text': 'And nurturing love!! Romance!!!', 'ownerUsername': 'packedup.pretty.andpaid', 'ownerProfilePicUrl': 'https://scontent-gig4-1.cdninstagram.com/v/t51.2885-19/464760996_1254146839119862_3605321457742435801_n.png?stp=dst-jpg_e0_s150x150_tt6&cb=8577c754-c2464923&_nc_ht=scontent-gig4-1.cdninstagram.com&_nc_cat=1&_nc_oc=Q6cZ2QHloB-xhpzwjNKAhAD2Tu_vtaSxFGXRDEULfEfPYRx34ZK7WTL-U40_JBjYxdjPjk0&_nc_ohc=hMnV1H0AshcQ7kNvwGpx01o&_nc_gid=0qBywftG11NxD1WbNF59-A&edm=ALlQn9MBAAAA&ccb=7-5&ig_cache_key=YW5vbnltb3VzX3Byb2ZpbGVfcGlj.3-ccb7-5-cb8577c754-c2464923&oh=00_AfTfFZwmEVhxeGQX46qwl40CADjSTbT5MMEsK1vx1omerQ&oe=686EF5A8&_nc_sid=e7f676', 'timestamp': '2025-06-27T05:16:45.000Z', 'repliesCount': 0, 'replies': [], 'likesCount': 0, 'owner': {'id': '56037590540', 'is_verified': False, 'profile_pic_url': 'https://scontent-gig4-1.cdninstagram.com/v/t51.2885-19/464760996_1254146839119862_3605321457742435801_n.png?stp=dst-jpg_e0_s150x150_tt6&cb=8577c754-c2464923&_nc_ht=scontent-gig4-1.cdninstagram.com&_nc_cat=1&_nc_oc=Q6cZ2QHloB-xhpzwjNKAhAD2Tu_vtaSxFGXRDEULfEfPYRx34ZK7WTL-U40_JBjYxdjPjk0&_nc_ohc=hMnV1H0AshcQ7kNvwGpx01o&_nc_gid=0qBywftG11NxD1WbNF59-A&edm=ALlQn9MBAAAA&ccb=7-5&ig_cache_key=YW5vbnltb3VzX3Byb2ZpbGVfcGlj.3-ccb7-5-cb8577c754-c2464923&oh=00_AfTfFZwmEVhxeGQX46qwl40CADjSTbT5MMEsK1vx1omerQ&oe=686EF5A8&_nc_sid=e7f676', 'username': 'packedup.pretty.andpaid'}}, {'id': '18079134490893700', 'text': ""For me personally after 9 yrs with a man only 4 years older than me I'd go for an older man if I were dating again. I am okay with having a partner that doesnt have it all together because in my eyes,we can build together and anything we have is OURS. It makes a relationship absolute hell when they grow up a little and realize they wasted so much of life on fun and games and now have to start financially from scratch unless you want to live pay check to paycheck. With younger men the commitment can be here or there and they can be fickle and change up so much of what they like and dislike etc. All the things that they once were into and liked is now different after only a few years and there you are trying to fit the mold or wondering how long until he says fuck it and moves on to enjoy his life the way he truly wants. Older men are more certain on what they want and had the time to make the mistakes and changes etc."", 'ownerUsername': 'packedup.pretty.andpaid', 'ownerProfilePicUrl': 'https://scontent-gig4-1.cdninstagram.com/v/t51.2885-19/464760996_1254146839119862_3605321457742435801_n.png?stp=dst-jpg_e0_s150x150_tt6&cb=8577c754-c2464923&_nc_ht=scontent-gig4-1.cdninstagram.com&_nc_cat=1&_nc_oc=Q6cZ2QHloB-xhpzwjNKAhAD2Tu_vtaSxFGXRDEULfEfPYRx34ZK7WTL-U40_JBjYxdjPjk0&_nc_ohc=hMnV1H0AshcQ7kNvwGpx01o&_nc_gid=0qBywftG11NxD1WbNF59-A&edm=ALlQn9MBAAAA&ccb=7-5&ig_cache_key=YW5vbnltb3VzX3Byb2ZpbGVfcGlj.3-ccb7-5-cb8577c754-c2464923&oh=00_AfTfFZwmEVhxeGQX46qwl40CADjSTbT5MMEsK1vx1omerQ&oe=686EF5A8&_nc_sid=e7f676', 'timestamp': '2025-06-27T05:16:05.000Z', 'repliesCount': 0, 'replies': [], 'likesCount': 0, 'owner': {'id': '56037590540', 'is_verified': False, 'profile_pic_url': 'https://scontent-gig4-1.cdninstagram.com/v/t51.2885-19/464760996_1254146839119862_3605321457742435801_n.png?stp=dst-jpg_e0_s150x150_tt6&cb=8577c754-c2464923&_nc_ht=scontent-gig4-1.cdninstagram.com&_nc_cat=1&_nc_oc=Q6cZ2QHloB-xhpzwjNKAhAD2Tu_vtaSxFGXRDEULfEfPYRx34ZK7WTL-U40_JBjYxdjPjk0&_nc_ohc=hMnV1H0AshcQ7kNvwGpx01o&_nc_gid=0qBywftG11NxD1WbNF59-A&edm=ALlQn9MBAAAA&ccb=7-5&ig_cache_key=YW5vbnltb3VzX3Byb2ZpbGVfcGlj.3-ccb7-5-cb8577c754-c2464923&oh=00_AfTfFZwmEVhxeGQX46qwl40CADjSTbT5MMEsK1vx1omerQ&oe=686EF5A8&_nc_sid=e7f676', 'username': 'packedup.pretty.andpaid'}}, {'id': '18399570889112902', 'text': '', 'ownerUsername': 'eemightm8', 'ownerProfilePicUrl': 'https://scontent-sjc3-1.cdninstagram.com/v/t51.2885-19/504000432_18512793847058804_4184367769612020822_n.jpg?stp=dst-jpg_s150x150_tt6&_nc_ht=scontent-sjc3-1.cdninstagram.com&_nc_cat=108&_nc_oc=Q6cZ2QFJd_JlpfygPr9hK4jG-X-SciAvcF9spGa01ORZ0vnsRXNeEFHqcDQHGqecNIPZuRE&_nc_ohc=gv90TAqfgUYQ7kNvwFd4G4W&_nc_gid=8umrkCRyS5YXsXPHz8XWuA&edm=APs17CUBAAAA&ccb=7-5&oh=00_AfSV0jFEjWb5_-f2H8iEUnUBnH8llE05eZsUJa7CLCcFGg&oe=686F1B6B&_nc_sid=10d13b', 'timestamp': '2025-06-10T10:31:26.000Z', 'repliesCount': 0, 'replies': [], 'likesCount': 0, 'owner': {'id': '247034803', 'is_verified': False, 'profile_pic_url': 'https://scontent-sjc3-1.cdninstagram.com/v/t51.2885-19/504000432_18512793847058804_4184367769612020822_n.jpg?stp=dst-jpg_s150x150_tt6&_nc_ht=scontent-sjc3-1.cdninstagram.com&_nc_cat=108&_nc_oc=Q6cZ2QFJd_JlpfygPr9hK4jG-X-SciAvcF9spGa01ORZ0vnsRXNeEFHqcDQHGqecNIPZuRE&_nc_ohc=gv90TAqfgUYQ7kNvwFd4G4W&_nc_gid=8umrkCRyS5YXsXPHz8XWuA&edm=APs17CUBAAAA&ccb=7-5&oh=00_AfSV0jFEjWb5_-f2H8iEUnUBnH8llE05eZsUJa7CLCcFGg&oe=686F1B6B&_nc_sid=10d13b', 'username': 'eemightm8'}}, {'id': '18125582659448165', 'text': 'They don‚Äôt like us on all those apps cause they know we would see them on all those apps ü§£', 'ownerUsername': 'bearsrq', 'ownerProfilePicUrl': 'https://scontent-sjc3-1.cdninstagram.com/v/t51.2885-19/482833396_568756772276535_5267319971809995566_n.jpg?stp=dst-jpg_s150x150_tt6&_nc_ht=scontent-sjc3-1.cdninstagram.com&_nc_cat=103&_nc_oc=Q6cZ2QFJd_JlpfygPr9hK4jG-X-SciAvcF9spGa01ORZ0vnsRXNeEFHqcDQHGqecNIPZuRE&_nc_ohc=-A4Ta4LDvJMQ7kNvwGa5qjK&_nc_gid=8umrkCRyS5YXsXPHz8XWuA&edm=APs17CUBAAAA&ccb=7-5&oh=00_AfS4fmOUE8TrhiVJFwR6Yl0-x_qN1fozF2KV36raIzZ9Bg&oe=686EFB13&_nc_sid=10d13b', 'timestamp': '2025-06-09T02:11:31.000Z', 'repliesCount': 0, 'replies': [], 'likesCount': 0, 'owner': {'id': '287792145', 'is_verified': False, 'profile_pic_url': 'https://scontent-sjc3-1.cdninstagram.com/v/t51.2885-19/482833396_568756772276535_5267319971809995566_n.jpg?stp=dst-jpg_s150x150_tt6&_nc_ht=scontent-sjc3-1.cdninstagram.com&_nc_cat=103&_nc_oc=Q6cZ2QFJd_JlpfygPr9hK4jG-X-SciAvcF9spGa01ORZ0vnsRXNeEFHqcDQHGqecNIPZuRE&_nc_ohc=-A4Ta4LDvJMQ7kNvwGa5qjK&_nc_gid=8umrkCRyS5YXsXPHz8XWuA&edm=APs17CUBAAAA&ccb=7-5&oh=00_AfS4fmOUE8TrhiVJFwR6Yl0-x_qN1fozF2KV36raIzZ9Bg&oe=686EFB13&_nc_sid=10d13b', 'username': 'bearsrq'}}]",1333,750,https://scontent-sjc3-1.cdninstagram.com/v/t51.2885-15/506023843_1726833168208313_2186245867712357519_n.jpg?stp=dst-jpg_e15_tt6&_nc_ht=scontent-sjc3-1.cdninstagram.com&_nc_cat=105&_nc_oc=Q6cZ2QFJd_JlpfygPr9hK4jG-X-SciAvcF9spGa01ORZ0vnsRXNeEFHqcDQHGqecNIPZuRE&_nc_ohc=_4kP2hi9rjQQ7kNvwHGgwxH&_nc_gid=8umrkCRyS5YXsXPHz8XWuA&edm=APs17CUBAAAA&ccb=7-5&oh=00_AfSZ_jzRvk_rTpHiGClqoZKSONbJdsSZsj_l6wUdABY7HA&oe=686F06E0&_nc_sid=10d13b,[],https://scontent-sjc3-1.cdninstagram.com/o1/v/t16/f2/m86/AQP04rFIRiqXFEDj7v3CowliljC-CQ1AMKu2kHV2zaFtEWEqxFE7psPqO__IKD1BJWNfGvctDEJWl8kfyX_2ebaqF4ACLmTGolOX4KQ.mp4?stp=dst-mp4&efg=eyJxZV9ncm91cHMiOiJbXCJpZ193ZWJfZGVsaXZlcnlfdnRzX290ZlwiXSIsInZlbmNvZGVfdGFnIjoidnRzX3ZvZF91cmxnZW4uY2xpcHMuYzIuMzYwLmJhc2VsaW5lIn0&_nc_cat=110&vs=2334243696923292_587332241&_nc_vs=HBksFQIYUmlnX3hwdl9yZWVsc19wZXJtYW5lbnRfc3JfcHJvZC9FRjQ5MDM2Qzg1RENCNTRDMzE0OUJDQzUxMEI2OTM5NF92aWRlb19kYXNoaW5pdC5tcDQVAALIARIAFQIYOnBhc3N0aHJvdWdoX2V2ZXJzdG9yZS9HQTRrcXh2bElOblhWZmdCQUJwbmIybDhLUG9TYnFfRUFBQUYVAgLIARIAKAAYABsAFQAAJv6K5KjhsalAFQIoAkMzLBdAQHMzMzMzMxgSZGFzaF9iYXNlbGluZV8zX3YxEQB1%2Fgdl5p0BAA%3D%3D&_nc_rid=562a378cb3&ccb=9-4&oh=00_AfT_GF70RHErr0fcv-3YMz48CRsg90HYGOkrdjXxizJ8ZA&oe=686B0B62&_nc_sid=10d13b,,91851,1638745,4499434,2024-10-25T12:13:46.000Z,[],John Keegan,johnkeeganlifestyle,4156244975,clips,32.9,False,"{'artist_name': 'johnkeeganlifestyle', 'song_name': 'Original audio', 'uses_original_audio': True, 'should_mute_audio': False, 'should_mute_audio_reason': '', 'audio_id': '3460678700904288'}",False,
https://www.instagram.com/johnkeeganlifestyle,3624358126687458502,Video,DJMToN4AZTG,"Boxers, boxer briefs, or briefs?
I‚Äôve been a dating coach for 15 years, and trust me ‚Äî the details matter more than most guys think.
I hit the streets of SoHo to ask this classic question‚Ä¶ and the answers did not disappoint.
What‚Äôs your pick ‚Äî and does it actually make a difference?
Let‚Äôs hear it ‚Äî in the comments üëáüèº
#boxersorbriefs #datingcoach #sohonyc #streetinterview #mensstyle #mensfashion #DatingTipsForMen #nycreels #theawakenedlifestyle #johnkeegan #moderndating #nycdatingcoach #confidenceiskey #mensconfidence #nyccontentcreator #stylematters #streetstylenyc","['boxersorbriefs', 'datingcoach', 'sohonyc', 'streetinterview', 'mensstyle', 'mensfashion', 'DatingTipsForMen', 'nycreels', 'theawakenedlifestyle', 'johnkeegan', 'moderndating', 'nycdatingcoach', 'confidenceiskey', 'mensconfidence', 'nyccontentcreator', 'stylematters', 'streetstylenyc']",[],https://www.instagram.com/p/DJMToN4AZTG/,58,Boxer shorts all day,"[{'id': '18048588017567767', 'text': 'Boxer shorts all day', 'ownerUsername': 'aj33__', 'ownerProfilePicUrl': 'https://scontent-jnb2-1.cdninstagram.com/v/t51.2885-19/432264067_1130515587949305_3040873605626501396_n.jpg?stp=dst-jpg_s150x150_tt6&_nc_ht=scontent-jnb2-1.cdninstagram.com&_nc_cat=109&_nc_oc=Q6cZ2QHg5iRfDRKIfuC7b1hG4uYm1KwJQTKOO4Ohfu6xbyEWVzrJju8x1og69E2Wr7i7AWE&_nc_ohc=i1vJivQNBmAQ7kNvwEgWzNX&_nc_gid=X59cCcYeoG0d50Qys2bmcA&edm=APs17CUBAAAA&ccb=7-5&oh=00_AfR5WkfaHyr-Kp_7spFVDQudFFg1hsJeRckhcXUQDJ6q9w&oe=686F0EC7&_nc_sid=10d13b', 'timestamp': '2025-07-01T21:11:20.000Z', 'repliesCount': 0, 'replies': [], 'likesCount': 0, 'owner': {'id': '39188866851', 'is_verified': False, 'profile_pic_url': 'https://scontent-jnb2-1.cdninstagram.com/v/t51.2885-19/432264067_1130515587949305_3040873605626501396_n.jpg?stp=dst-jpg_s150x150_tt6&_nc_ht=scontent-jnb2-1.cdninstagram.com&_nc_cat=109&_nc_oc=Q6cZ2QHg5iRfDRKIfuC7b1hG4uYm1KwJQTKOO4Ohfu6xbyEWVzrJju8x1og69E2Wr7i7AWE&_nc_ohc=i1vJivQNBmAQ7kNvwEgWzNX&_nc_gid=X59cCcYeoG0d50Qys2bmcA&edm=APs17CUBAAAA&ccb=7-5&oh=00_AfR5WkfaHyr-Kp_7spFVDQudFFg1hsJeRckhcXUQDJ6q9w&oe=686F0EC7&_nc_sid=10d13b', 'username': 'aj33__'}}, {'id': '17973230183884443', 'text': ""She's french?"", 'ownerUsername': 'taylor_alfaromma', 'ownerProfilePicUrl': 'https://scontent-jnb2-1.cdninstagram.com/v/t51.2885-19/27576536_193389831262244_3462067064498290688_n.jpg?stp=dst-jpg_s150x150_tt6&_nc_ht=scontent-jnb2-1.cdninstagram.com&_nc_cat=108&_nc_oc=Q6cZ2QHg5iRfDRKIfuC7b1hG4uYm1KwJQTKOO4Ohfu6xbyEWVzrJju8x1og69E2Wr7i7AWE&_nc_ohc=NIFCZAliDJwQ7kNvwGExZb6&_nc_gid=X59cCcYeoG0d50Qys2bmcA&edm=APs17CUBAAAA&ccb=7-5&oh=00_AfSQtMAXU8NsuQ_hdMn961nkxGq6yBZh0lU52M-X63DHrQ&oe=686F0CC7&_nc_sid=10d13b', 'timestamp': '2025-07-01T14:34:26.000Z', 'repliesCount': 0, 'replies': [], 'likesCount': 0, 'owner': {'id': '3071197982', 'is_verified': False, 'profile_pic_url': 'https://scontent-jnb2-1.cdninstagram.com/v/t51.2885-19/27576536_193389831262244_3462067064498290688_n.jpg?stp=dst-jpg_s150x150_tt6&_nc_ht=scontent-jnb2-1.cdninstagram.com&_nc_cat=108&_nc_oc=Q6cZ2QHg5iRfDRKIfuC7b1hG4uYm1KwJQTKOO4Ohfu6xbyEWVzrJju8x1og69E2Wr7i7AWE&_nc_ohc=NIFCZAliDJwQ7kNvwGExZb6&_nc_gid=X59cCcYeoG0d50Qys2bmcA&edm=APs17CUBAAAA&ccb=7-5&oh=00_AfSQtMAXU8NsuQ_hdMn961nkxGq6yBZh0lU52M-X63DHrQ&oe=686F0CC7&_nc_sid=10d13b', 'username': 'taylor_alfaromma'}}, {'id': '17878396788243151', 'text': 'üòçüòç', 'ownerUsername': 'love.by.aura', 'ownerProfilePicUrl': 'https://scontent-jnb2-1.cdninstagram.com/v/t51.2885-19/514308594_17846084796513640_609081692312236501_n.jpg?stp=dst-jpg_s150x150_tt6&_nc_ht=scontent-jnb2-1.cdninstagram.com&_nc_cat=104&_nc_oc=Q6cZ2QHg5iRfDRKIfuC7b1hG4uYm1KwJQTKOO4Ohfu6xbyEWVzrJju8x1og69E2Wr7i7AWE&_nc_ohc=yGxjaMIi1eUQ7kNvwFguMO4&_nc_gid=X59cCcYeoG0d50Qys2bmcA&edm=APs17CUBAAAA&ccb=7-5&oh=00_AfT-IJbop2jZqz4UYBaCVgYjHr13uLGwNWzpOHYx9AEvGg&oe=686F0CF3&_nc_sid=10d13b', 'timestamp': '2025-06-29T02:57:45.000Z', 'repliesCount': 0, 'replies': [], 'likesCount': 0, 'owner': {'id': '75537441639', 'is_verified': False, 'profile_pic_url': 'https://scontent-jnb2-1.cdninstagram.com/v/t51.2885-19/514308594_17846084796513640_609081692312236501_n.jpg?stp=dst-jpg_s150x150_tt6&_nc_ht=scontent-jnb2-1.cdninstagram.com&_nc_cat=104&_nc_oc=Q6cZ2QHg5iRfDRKIfuC7b1hG4uYm1KwJQTKOO4Ohfu6xbyEWVzrJju8x1og69E2Wr7i7AWE&_nc_ohc=yGxjaMIi1eUQ7kNvwFguMO4&_nc_gid=X59cCcYeoG0d50Qys2bmcA&edm=APs17CUBAAAA&ccb=7-5&oh=00_AfT-IJbop2jZqz4UYBaCVgYjHr13uLGwNWzpOHYx9AEvGg&oe=686F0CF3&_nc_sid=10d13b', 'username': 'love.by.aura'}}, {'id': '18019147523709348', 'text': '', 'ownerUsername': 'nipul_1', 'ownerProfilePicUrl': 'https://scontent-jnb2-1.cdninstagram.com/v/t51.2885-19/210206141_318573783240230_8213267662175135389_n.jpg?stp=dst-jpg_s150x150_tt6&_nc_ht=scontent-jnb2-1.cdninstagram.com&_nc_cat=102&_nc_oc=Q6cZ2QHg5iRfDRKIfuC7b1hG4uYm1KwJQTKOO4Ohfu6xbyEWVzrJju8x1og69E2Wr7i7AWE&_nc_ohc=uk9oEmQM1I8Q7kNvwEasfDQ&_nc_gid=X59cCcYeoG0d50Qys2bmcA&edm=APs17CUBAAAA&ccb=7-5&oh=00_AfS-2_fBmE7I47avSKg7CjrL5DRdZRYsBnhBB1c6TQco0A&oe=686F0DC9&_nc_sid=10d13b', 'timestamp': '2025-06-22T07:17:09.000Z', 'repliesCount': 0, 'replies': [], 'likesCount': 0, 'owner': {'id': '8374477024', 'is_verified': False, 'profile_pic_url': 'https://scontent-jnb2-1.cdninstagram.com/v/t51.2885-19/210206141_318573783240230_8213267662175135389_n.jpg?stp=dst-jpg_s150x150_tt6&_nc_ht=scontent-jnb2-1.cdninstagram.com&_nc_cat=102&_nc_oc=Q6cZ2QHg5iRfDRKIfuC7b1hG4uYm1KwJQTKOO4Ohfu6xbyEWVzrJju8x1og69E2Wr7i7AWE&_nc_ohc=uk9oEmQM1I8Q7kNvwEasfDQ&_nc_gid=X59cCcYeoG0d50Qys2bmcA&edm=APs17CUBAAAA&ccb=7-5&oh=00_AfS-2_fBmE7I47avSKg7CjrL5DRdZRYsBnhBB1c6TQco0A&oe=686F0DC9&_nc_sid=10d13b', 'username': 'nipul_1'}}, {'id': '18103337326541352', 'text': 'Ban briefs!! üòÇ', 'ownerUsername': 'mavero.store', 'ownerProfilePicUrl': 'https://scontent-jnb2-1.cdninstagram.com/v/t51.2885-19/491470136_2079712922551247_786249277932163660_n.jpg?stp=dst-jpg_s150x150_tt6&_nc_ht=scontent-jnb2-1.cdninstagram.com&_nc_cat=111&_nc_oc=Q6cZ2QHg5iRfDRKIfuC7b1hG4uYm1KwJQTKOO4Ohfu6xbyEWVzrJju8x1og69E2Wr7i7AWE&_nc_ohc=11kby7u_EiEQ7kNvwHnukqI&_nc_gid=X59cCcYeoG0d50Qys2bmcA&edm=APs17CUBAAAA&ccb=7-5&oh=00_AfRwDJHlIZukQbOPmTDnxgg2LmdCa6EttzXQyEF-Je5Cnw&oe=686EF784&_nc_sid=10d13b', 'timestamp': '2025-06-21T23:08:36.000Z', 'repliesCount': 0, 'replies': [], 'likesCount': 0, 'owner': {'id': '44167782772', 'is_verified': False, 'profile_pic_url': 'https://scontent-jnb2-1.cdninstagram.com/v/t51.2885-19/491470136_2079712922551247_786249277932163660_n.jpg?stp=dst-jpg_s150x150_tt6&_nc_ht=scontent-jnb2-1.cdninstagram.com&_nc_cat=111&_nc_oc=Q6cZ2QHg5iRfDRKIfuC7b1hG4uYm1KwJQTKOO4Ohfu6xbyEWVzrJju8x1og69E2Wr7i7AWE&_nc_ohc=11kby7u_EiEQ7kNvwHnukqI&_nc_gid=X59cCcYeoG0d50Qys2bmcA&edm=APs17CUBAAAA&ccb=7-5&oh=00_AfRwDJHlIZukQbOPmTDnxgg2LmdCa6EttzXQyEF-Je5Cnw&oe=686EF784&_nc_sid=10d13b', 'username': 'mavero.store'}}, {'id': '17982879539699364', 'text': 'Wow is she perfect', 'ownerUsername': '_damien_karras_', 'ownerProfilePicUrl': 'https://scontent-jnb2-1.cdninstagram.com/v/t51.2885-19/498209175_18514175665015187_9166582986399997619_n.jpg?stp=dst-jpg_s150x150_tt6&_nc_ht=scontent-jnb2-1.cdninstagram.com&_nc_cat=111&_nc_oc=Q6cZ2QHg5iRfDRKIfuC7b1hG4uYm1KwJQTKOO4Ohfu6xbyEWVzrJju8x1og69E2Wr7i7AWE&_nc_ohc=u7IawnHD4AsQ7kNvwF4Cbv1&_nc_gid=X59cCcYeoG0d50Qys2bmcA&edm=APs17CUBAAAA&ccb=7-5&oh=00_AfTVCqki42hC6aH8SaWebS9_WWK-7y9CAjR3LU9UgdSQgw&oe=686F14C5&_nc_sid=10d13b', 'timestamp': '2025-06-15T23:51:38.000Z', 'repliesCount': 0, 'replies': [], 'likesCount': 0, 'owner': {'id': '1523599186', 'is_verified': False, 'profile_pic_url': 'https://scontent-jnb2-1.cdninstagram.com/v/t51.2885-19/498209175_18514175665015187_9166582986399997619_n.jpg?stp=dst-jpg_s150x150_tt6&_nc_ht=scontent-jnb2-1.cdninstagram.com&_nc_cat=111&_nc_oc=Q6cZ2QHg5iRfDRKIfuC7b1hG4uYm1KwJQTKOO4Ohfu6xbyEWVzrJju8x1og69E2Wr7i7AWE&_nc_ohc=u7IawnHD4AsQ7kNvwF4Cbv1&_nc_gid=X59cCcYeoG0d50Qys2bmcA&edm=APs17CUBAAAA&ccb=7-5&oh=00_AfTVCqki42hC6aH8SaWebS9_WWK-7y9CAjR3LU9UgdSQgw&oe=686F14C5&_nc_sid=10d13b', 'username': '_damien_karras_'}}, {'id': '17971316129750636', 'text': 'No need! Never had underwear since born. Saltwater heals ! ü§ôüèæ‚ö°Ô∏è', 'ownerUsername': 'milohawaii', 'ownerProfilePicUrl': 'https://scontent-jnb2-1.cdninstagram.com/v/t51.2885-19/230797240_105995628377439_8718811519961220782_n.jpg?stp=dst-jpg_s150x150_tt6&_nc_ht=scontent-jnb2-1.cdninstagram.com&_nc_cat=103&_nc_oc=Q6cZ2QHg5iRfDRKIfuC7b1hG4uYm1KwJQTKOO4Ohfu6xbyEWVzrJju8x1og69E2Wr7i7AWE&_nc_ohc=kFBpQt0zLpkQ7kNvwFVwHyb&_nc_gid=X59cCcYeoG0d50Qys2bmcA&edm=APs17CUBAAAA&ccb=7-5&oh=00_AfSopfmOgMJqpJU_0Rhg43cxLM82hkimX13PLKV35Ca90w&oe=686F1A02&_nc_sid=10d13b', 'timestamp': '2025-06-12T19:30:44.000Z', 'repliesCount': 0, 'replies': [], 'likesCount': 0, 'owner': {'id': '524585091', 'is_verified': False, 'profile_pic_url': 'https://scontent-jnb2-1.cdninstagram.com/v/t51.2885-19/230797240_105995628377439_8718811519961220782_n.jpg?stp=dst-jpg_s150x150_tt6&_nc_ht=scontent-jnb2-1.cdninstagram.com&_nc_cat=103&_nc_oc=Q6cZ2QHg5iRfDRKIfuC7b1hG4uYm1KwJQTKOO4Ohfu6xbyEWVzrJju8x1og69E2Wr7i7AWE&_nc_ohc=kFBpQt0zLpkQ7kNvwFVwHyb&_nc_gid=X59cCcYeoG0d50Qys2bmcA&edm=APs17CUBAAAA&ccb=7-5&oh=00_AfSopfmOgMJqpJU_0Rhg43cxLM82hkimX13PLKV35Ca90w&oe=686F1A02&_nc_sid=10d13b', 'username': 'milohawaii'}}, {'id': '17956173809957323', 'text': 'bro look I‚Äôm am the engineer how I ended up watching silly things like this!!! Damn I cannot believe that', 'ownerUsername': 'ad_nfeie', 'ownerProfilePicUrl': 'https://scontent-jnb2-1.cdninstagram.com/v/t51.2885-19/466091012_439919178842359_6165856714690694601_n.jpg?stp=dst-jpg_s150x150_tt6&_nc_ht=scontent-jnb2-1.cdninstagram.com&_nc_cat=107&_nc_oc=Q6cZ2QHg5iRfDRKIfuC7b1hG4uYm1KwJQTKOO4Ohfu6xbyEWVzrJju8x1og69E2Wr7i7AWE&_nc_ohc=Lc4KRgdApGMQ7kNvwGDMos2&_nc_gid=X59cCcYeoG0d50Qys2bmcA&edm=APs17CUBAAAA&ccb=7-5&oh=00_AfQY_YMPHy3G64rlj3FTUmvTLIrmwt1ixqGBQmqarj8e8w&oe=686F0840&_nc_sid=10d13b', 'timestamp': '2025-06-11T20:16:04.000Z', 'repliesCount': 0, 'replies': [], 'likesCount': 0, 'owner': {'id': '59208664971', 'is_verified': False, 'profile_pic_url': 'https://scontent-jnb2-1.cdninstagram.com/v/t51.2885-19/466091012_439919178842359_6165856714690694601_n.jpg?stp=dst-jpg_s150x150_tt6&_nc_ht=scontent-jnb2-1.cdninstagram.com&_nc_cat=107&_nc_oc=Q6cZ2QHg5iRfDRKIfuC7b1hG4uYm1KwJQTKOO4Ohfu6xbyEWVzrJju8x1og69E2Wr7i7AWE&_nc_ohc=Lc4KRgdApGMQ7kNvwGDMos2&_nc_gid=X59cCcYeoG0d50Qys2bmcA&edm=APs17CUBAAAA&ccb=7-5&oh=00_AfQY_YMPHy3G64rlj3FTUmvTLIrmwt1ixqGBQmqarj8e8w&oe=686F0840&_nc_sid=10d13b', 'username': 'ad_nfeie'}}, {'id': '17950944197982043', 'text': 'How did she know wht i wear üçì', 'ownerUsername': 'h.mnsor79', 'ownerProfilePicUrl': 'https://scontent-jnb2-1.cdninstagram.com/v/t51.2885-19/459110874_1301977767435085_6767178800408355842_n.jpg?stp=dst-jpg_s150x150_tt6&_nc_ht=scontent-jnb2-1.cdninstagram.com&_nc_cat=101&_nc_oc=Q6cZ2QHg5iRfDRKIfuC7b1hG4uYm1KwJQTKOO4Ohfu6xbyEWVzrJju8x1og69E2Wr7i7AWE&_nc_ohc=-hFY2Sa-tWQQ7kNvwHiI9Mg&_nc_gid=X59cCcYeoG0d50Qys2bmcA&edm=APs17CUBAAAA&ccb=7-5&oh=00_AfRu1Ad8Q1eSnezpIhTzGvKm96fQBXYDRDkOCDDWk_e97Q&oe=686F030C&_nc_sid=10d13b', 'timestamp': '2025-06-04T08:30:53.000Z', 'repliesCount': 0, 'replies': [], 'likesCount': 0, 'owner': {'id': '32214818452', 'is_verified': False, 'profile_pic_url': 'https://scontent-jnb2-1.cdninstagram.com/v/t51.2885-19/459110874_1301977767435085_6767178800408355842_n.jpg?stp=dst-jpg_s150x150_tt6&_nc_ht=scontent-jnb2-1.cdninstagram.com&_nc_cat=101&_nc_oc=Q6cZ2QHg5iRfDRKIfuC7b1hG4uYm1KwJQTKOO4Ohfu6xbyEWVzrJju8x1og69E2Wr7i7AWE&_nc_ohc=-hFY2Sa-tWQQ7kNvwHiI9Mg&_nc_gid=X59cCcYeoG0d50Qys2bmcA&edm=APs17CUBAAAA&ccb=7-5&oh=00_AfRu1Ad8Q1eSnezpIhTzGvKm96fQBXYDRDkOCDDWk_e97Q&oe=686F030C&_nc_sid=10d13b', 'username': 'h.mnsor79'}}]",1136,640,https://scontent-jnb2-1.cdninstagram.com/v/t51.2885-15/495420947_1777859626463054_3693167172366015580_n.jpg?stp=dst-jpg_e15_tt6&_nc_ht=scontent-jnb2-1.cdninstagram.com&_nc_cat=102&_nc_oc=Q6cZ2QHg5iRfDRKIfuC7b1hG4uYm1KwJQTKOO4Ohfu6xbyEWVzrJju8x1og69E2Wr7i7AWE&_nc_ohc=Xa8tostF81gQ7kNvwHnyZas&_nc_gid=X59cCcYeoG0d50Qys2bmcA&edm=APs17CUBAAAA&ccb=7-5&oh=00_AfQuaY-_1wUHlXB_EL6mpmr1U4Cc6DODj8iR5RM-9Gr5wQ&oe=686EFC47&_nc_sid=10d13b,[],https://scontent-jnb2-1.cdninstagram.com/o1/v/t16/f2/m86/AQNgMrhNOCE8gj2Zjsn-mwmFKEfkgD5VDa9FcyMAVmT1iorSK_LpOGp012mDizBzaAlE2aMI3FCTNc0IhTZ-pXFy7wEi7wrZpSu-ics.mp4?stp=dst-mp4&efg=eyJxZV9ncm91cHMiOiJbXCJpZ193ZWJfZGVsaXZlcnlfdnRzX290ZlwiXSIsInZlbmNvZGVfdGFnIjoidnRzX3ZvZF91cmxnZW4uY2xpcHMuYzIuNzIwLmJhc2VsaW5lIn0&_nc_cat=107&vs=1363658474849813_1778520876&_nc_vs=HBksFQIYUmlnX3hwdl9yZWVsc19wZXJtYW5lbnRfc3JfcHJvZC82MDQyRjMyNDlEMUY1RUIyNzZEMzMxMkUzRjdGMjFBRF92aWRlb19kYXNoaW5pdC5tcDQVAALIARIAFQIYOnBhc3N0aHJvdWdoX2V2ZXJzdG9yZS9HSWkzU0IzRlRma09EUUFFQUZHekEwcDlIWDVTYnFfRUFBQUYVAgLIARIAKAAYABsAFQAAJuiHyrytr88%2FFQIoAkMzLBdAO2ZmZmZmZhgSZGFzaF9iYXNlbGluZV8xX3YxEQB1%2Fgdl5p0BAA%3D%3D&_nc_rid=41143eb539&ccb=9-4&oh=00_AfR0BWiBt9UZF4vzpvdmuOQR_j1kA400ghGOsldTz60crw&oe=686AFE8E&_nc_sid=10d13b,,3823,69706,1465113,2025-05-03T13:08:55.000Z,[],John Keegan,johnkeeganlifestyle,4156244975,clips,27.421,False,"{'artist_name': 'johnkeeganlifestyle', 'song_name': 'Original audio', 'uses_original_audio': True, 'should_mute_audio': False, 'should_mute_audio_reason': '', 'audio_id': '1848834182625152'}",False,"[{'full_name': 'Ayla', 'id': '463746138', 'is_verified': False, 'profile_pic_url': 'https://scontent-jnb2-1.cdninstagram.com/v/t51.2885-19/411845583_232274373228200_5378829024891863739_n.jpg?stp=dst-jpg_s150x150_tt6&_nc_ht=scontent-jnb2-1.cdninstagram.com&_nc_cat=108&_nc_oc=Q6cZ2QHg5iRfDRKIfuC7b1hG4uYm1KwJQTKOO4Ohfu6xbyEWVzrJju8x1og69E2Wr7i7AWE&_nc_ohc=kPd4AKSvtsEQ7kNvwG0hTH1&_nc_gid=X59cCcYeoG0d50Qys2bmcA&edm=APs17CUBAAAA&ccb=7-5&oh=00_AfScfZzU8ehUmzpnH0rMtAJQ-Md42PHOCU5HLS5adS1khA&oe=686EEE37&_nc_sid=10d13b', 'username': 'aylagilde'}]"
https://www.instagram.com/johnkeeganlifestyle,3667854234319219799,Video,DLm1f40gmxX,"Do pick-up lines ever actually work?
She‚Äôs been approached plenty ‚Äî but does anything stand out?

Let‚Äôs settle this:
üëâ What‚Äôs the best or worst pick-up line you‚Äôve ever heard?
Drop it below üëá #datingtip #mensadvice #daygame #pickuplines #giveheryournumber #streetinterview #datingcoach #talktoher","['datingtip', 'mensadvice', 'daygame', 'pickuplines', 'giveheryournumber', 'streetinterview', 'datingcoach', 'talktoher']",[],https://www.instagram.com/p/DLm1f40gmxX/,26,She is so hot,"[{'id': '18047495378622337', 'text': 'She is so hot', 'ownerUsername': 'raduardeleanu82', 'ownerProfilePicUrl': 'https://instagram.ftun9-1.fna.fbcdn.net/v/t51.2885-19/462533322_1109420720788041_106097674053895295_n.jpg?stp=dst-jpg_s150x150_tt6&_nc_ht=instagram.ftun9-1.fna.fbcdn.net&_nc_cat=109&_nc_oc=Q6cZ2QGtiL6mWq_L_J9SWr0Sk-kWu3uutE6m7LRa7745olbrVv7YsY2p0gvE4g0toqe9pW4&_nc_ohc=2SU9VJsi9xEQ7kNvwGxizlT&_nc_gid=Ku70nwkAqblSbFyCzlYflw&edm=APs17CUBAAAA&ccb=7-5&oh=00_AfRYJEpql2F8fYxMQy6Tjnt_jB5SwP8OxVZPadLT4oZwGQ&oe=686EF1AC&_nc_sid=10d13b', 'timestamp': '2025-07-03T15:09:03.000Z', 'repliesCount': 0, 'replies': [], 'likesCount': 0, 'owner': {'id': '1293127784', 'is_verified': False, 'profile_pic_url': 'https://instagram.ftun9-1.fna.fbcdn.net/v/t51.2885-19/462533322_1109420720788041_106097674053895295_n.jpg?stp=dst-jpg_s150x150_tt6&_nc_ht=instagram.ftun9-1.fna.fbcdn.net&_nc_cat=109&_nc_oc=Q6cZ2QGtiL6mWq_L_J9SWr0Sk-kWu3uutE6m7LRa7745olbrVv7YsY2p0gvE4g0toqe9pW4&_nc_ohc=2SU9VJsi9xEQ7kNvwGxizlT&_nc_gid=Ku70nwkAqblSbFyCzlYflw&edm=APs17CUBAAAA&ccb=7-5&oh=00_AfRYJEpql2F8fYxMQy6Tjnt_jB5SwP8OxVZPadLT4oZwGQ&oe=686EF1AC&_nc_sid=10d13b', 'username': 'raduardeleanu82'}}, {'id': '17917086207012426', 'text': 'Tag the girl for god sake', 'ownerUsername': 'thekevinbay', 'ownerProfilePicUrl': 'https://instagram.ftun9-1.fna.fbcdn.net/v/t51.2885-19/476484622_1671339543783242_670625285803313360_n.jpg?stp=dst-jpg_s150x150_tt6&_nc_ht=instagram.ftun9-1.fna.fbcdn.net&_nc_cat=102&_nc_oc=Q6cZ2QGtiL6mWq_L_J9SWr0Sk-kWu3uutE6m7LRa7745olbrVv7YsY2p0gvE4g0toqe9pW4&_nc_ohc=KM40gVjRUHMQ7kNvwE4Ed64&_nc_gid=Ku70nwkAqblSbFyCzlYflw&edm=APs17CUBAAAA&ccb=7-5&oh=00_AfT2nBTdvyHPxaFdY8paa25DW_ZmmgpCLX_hNrcurckH7A&oe=686F13DD&_nc_sid=10d13b', 'timestamp': '2025-07-02T23:21:45.000Z', 'repliesCount': 0, 'replies': [], 'likesCount': 2, 'owner': {'id': '216033016', 'is_verified': False, 'profile_pic_url': 'https://instagram.ftun9-1.fna.fbcdn.net/v/t51.2885-19/476484622_1671339543783242_670625285803313360_n.jpg?stp=dst-jpg_s150x150_tt6&_nc_ht=instagram.ftun9-1.fna.fbcdn.net&_nc_cat=102&_nc_oc=Q6cZ2QGtiL6mWq_L_J9SWr0Sk-kWu3uutE6m7LRa7745olbrVv7YsY2p0gvE4g0toqe9pW4&_nc_ohc=KM40gVjRUHMQ7kNvwE4Ed64&_nc_gid=Ku70nwkAqblSbFyCzlYflw&edm=APs17CUBAAAA&ccb=7-5&oh=00_AfT2nBTdvyHPxaFdY8paa25DW_ZmmgpCLX_hNrcurckH7A&oe=686F13DD&_nc_sid=10d13b', 'username': 'thekevinbay'}}, {'id': '18166795945355178', 'text': 'Wear a bra ffs', 'ownerUsername': 'bj.fitness_aus', 'ownerProfilePicUrl': 'https://instagram.ftun9-1.fna.fbcdn.net/v/t51.2885-19/505771703_18487268254069373_4463048773024119619_n.jpg?stp=dst-jpg_s150x150_tt6&_nc_ht=instagram.ftun9-1.fna.fbcdn.net&_nc_cat=105&_nc_oc=Q6cZ2QGtiL6mWq_L_J9SWr0Sk-kWu3uutE6m7LRa7745olbrVv7YsY2p0gvE4g0toqe9pW4&_nc_ohc=gLFCDHqEZUEQ7kNvwEbRvWx&_nc_gid=Ku70nwkAqblSbFyCzlYflw&edm=APs17CUBAAAA&ccb=7-5&oh=00_AfSZEWkisGC-t4l0qw1xTjRDTl6O8Lh2acmJWgqNE19xIQ&oe=686F1477&_nc_sid=10d13b', 'timestamp': '2025-07-02T21:00:28.000Z', 'repliesCount': 1, 'replies': [{'id': '17956078088952615', 'text': '@bj.fitness_aus why?', 'ownerUsername': 'thekevinbay', 'ownerProfilePicUrl': 'https://instagram.ftun9-1.fna.fbcdn.net/v/t51.2885-19/476484622_1671339543783242_670625285803313360_n.jpg?stp=dst-jpg_s150x150_tt6&_nc_ht=instagram.ftun9-1.fna.fbcdn.net&_nc_cat=102&_nc_oc=Q6cZ2QGtiL6mWq_L_J9SWr0Sk-kWu3uutE6m7LRa7745olbrVv7YsY2p0gvE4g0toqe9pW4&_nc_ohc=KM40gVjRUHMQ7kNvwE4Ed64&_nc_gid=Ku70nwkAqblSbFyCzlYflw&edm=APs17CUBAAAA&ccb=7-5&oh=00_AfT2nBTdvyHPxaFdY8paa25DW_ZmmgpCLX_hNrcurckH7A&oe=686F13DD&_nc_sid=10d13b', 'timestamp': '2025-07-02T23:21:16.000Z', 'repliesCount': 0, 'replies': [], 'likesCount': 1, 'owner': {'id': '216033016', 'is_verified': False, 'profile_pic_url': 'https://instagram.ftun9-1.fna.fbcdn.net/v/t51.2885-19/476484622_1671339543783242_670625285803313360_n.jpg?stp=dst-jpg_s150x150_tt6&_nc_ht=instagram.ftun9-1.fna.fbcdn.net&_nc_cat=102&_nc_oc=Q6cZ2QGtiL6mWq_L_J9SWr0Sk-kWu3uutE6m7LRa7745olbrVv7YsY2p0gvE4g0toqe9pW4&_nc_ohc=KM40gVjRUHMQ7kNvwE4Ed64&_nc_gid=Ku70nwkAqblSbFyCzlYflw&edm=APs17CUBAAAA&ccb=7-5&oh=00_AfT2nBTdvyHPxaFdY8paa25DW_ZmmgpCLX_hNrcurckH7A&oe=686F13DD&_nc_sid=10d13b', 'username': 'thekevinbay'}}], 'likesCount': 0, 'owner': {'id': '2035149372', 'is_verified': False, 'profile_pic_url': 'https://instagram.ftun9-1.fna.fbcdn.net/v/t51.2885-19/505771703_18487268254069373_4463048773024119619_n.jpg?stp=dst-jpg_s150x150_tt6&_nc_ht=instagram.ftun9-1.fna.fbcdn.net&_nc_cat=105&_nc_oc=Q6cZ2QGtiL6mWq_L_J9SWr0Sk-kWu3uutE6m7LRa7745olbrVv7YsY2p0gvE4g0toqe9pW4&_nc_ohc=gLFCDHqEZUEQ7kNvwEbRvWx&_nc_gid=Ku70nwkAqblSbFyCzlYflw&edm=APs17CUBAAAA&ccb=7-5&oh=00_AfSZEWkisGC-t4l0qw1xTjRDTl6O8Lh2acmJWgqNE19xIQ&oe=686F1477&_nc_sid=10d13b', 'username': 'bj.fitness_aus'}}, {'id': '18093329374617829', 'text': 'It was romantic and cute and nothing happened', 'ownerUsername': 'progressnotplateaus', 'ownerProfilePicUrl': 'https://instagram.fyxk1-1.fna.fbcdn.net/v/t51.2885-19/464760996_1254146839119862_3605321457742435801_n.png?stp=dst-jpg_e0_s150x150_tt6&cb=8577c754-c2464923&_nc_ht=instagram.fyxk1-1.fna.fbcdn.net&_nc_cat=1&_nc_oc=Q6cZ2QGm860r2isIM_HsfRhzU8wWJbD18ACbp4zgc2uO-jKDQfBfcTx7AqC8YW52eTNMGE42lqRaFwEngaxLoHjB6a0i&_nc_ohc=hMnV1H0AshcQ7kNvwEtEoxI&_nc_gid=wP3Xs_91Sbrot2tEEMDeTg&edm=ALlQn9MBAAAA&ccb=7-5&ig_cache_key=YW5vbnltb3VzX3Byb2ZpbGVfcGlj.3-ccb7-5-cb8577c754-c2464923&oh=00_AfTnenHTAAmaA3Lxk9jY1ygqQvkqkJuXrMCtuQpxpnPpDg&oe=686EF5A8&_nc_sid=e7f676', 'timestamp': '2025-07-02T19:23:18.000Z', 'repliesCount': 0, 'replies': [], 'likesCount': 0, 'owner': {'id': '5319839450', 'is_verified': False, 'profile_pic_url': 'https://instagram.fyxk1-1.fna.fbcdn.net/v/t51.2885-19/464760996_1254146839119862_3605321457742435801_n.png?stp=dst-jpg_e0_s150x150_tt6&cb=8577c754-c2464923&_nc_ht=instagram.fyxk1-1.fna.fbcdn.net&_nc_cat=1&_nc_oc=Q6cZ2QGm860r2isIM_HsfRhzU8wWJbD18ACbp4zgc2uO-jKDQfBfcTx7AqC8YW52eTNMGE42lqRaFwEngaxLoHjB6a0i&_nc_ohc=hMnV1H0AshcQ7kNvwEtEoxI&_nc_gid=wP3Xs_91Sbrot2tEEMDeTg&edm=ALlQn9MBAAAA&ccb=7-5&ig_cache_key=YW5vbnltb3VzX3Byb2ZpbGVfcGlj.3-ccb7-5-cb8577c754-c2464923&oh=00_AfTnenHTAAmaA3Lxk9jY1ygqQvkqkJuXrMCtuQpxpnPpDg&oe=686EF5A8&_nc_sid=e7f676', 'username': 'progressnotplateaus'}}]",1136,640,https://instagram.ftun9-1.fna.fbcdn.net/v/t51.2885-15/511555337_711499324820200_8809360530761473130_n.jpg?stp=dst-jpg_e15_tt6&_nc_ht=instagram.ftun9-1.fna.fbcdn.net&_nc_cat=104&_nc_oc=Q6cZ2QGtiL6mWq_L_J9SWr0Sk-kWu3uutE6m7LRa7745olbrVv7YsY2p0gvE4g0toqe9pW4&_nc_ohc=SbwIep-U87cQ7kNvwGVepos&_nc_gid=Ku70nwkAqblSbFyCzlYflw&edm=APs17CUBAAAA&ccb=7-5&oh=00_AfSDwuwf3YvRYVVfudZm7O1lqOkrk6oOgLP3p1nJq6JIkQ&oe=686F1272&_nc_sid=10d13b,[],https://instagram.ftun9-1.fna.fbcdn.net/o1/v/t16/f2/m86/AQOBSzXwlyiepeFt1cKFaPJ52VOiYS0jbciuRHia9s2fJ_ixzyJZND4h3gKn3XIyK70EpxAD-eVbqUKscjCj_Y5aQIxey2ATTuqfpj0.mp4?stp=dst-mp4&efg=eyJxZV9ncm91cHMiOiJbXCJpZ193ZWJfZGVsaXZlcnlfdnRzX290ZlwiXSIsInZlbmNvZGVfdGFnIjoidnRzX3ZvZF91cmxnZW4uY2xpcHMuYzIuNzIwLmJhc2VsaW5lIn0&_nc_cat=103&vs=1066767062124442_1458243990&_nc_vs=HBksFQIYUmlnX3hwdl9yZWVsc19wZXJtYW5lbnRfc3JfcHJvZC8zQTQ2NEI2MERENUI3NDAwNUNCMDc5NTZENzQyOTFCNl92aWRlb19kYXNoaW5pdC5tcDQVAALIARIAFQIYOnBhc3N0aHJvdWdoX2V2ZXJzdG9yZS9HTlQ5c3g2U1ZPOVVGbTRFQU5JLWxJbmp3OTQ3YnFfRUFBQUYVAgLIARIAKAAYABsAFQAAJujNnuvHwdI%2FFQIoAkMzLBdAQ9U%2FfO2RaBgSZGFzaF9iYXNlbGluZV8xX3YxEQB1%2Fgdl5p0BAA%3D%3D&_nc_rid=1bd33a473b&ccb=9-4&oh=00_AfTh19W_q5UR4MIhnlD-k0c6DNQJmAS7rVytwKxzNF98bg&oe=686B1EF8&_nc_sid=10d13b,,173,0,22391,2025-07-02T13:21:54.000Z,[],John Keegan,johnkeeganlifestyle,4156244975,clips,39.666,False,"{'artist_name': 'johnkeeganlifestyle', 'song_name': 'Original audio', 'uses_original_audio': True, 'should_mute_audio': False, 'should_mute_audio_reason': '', 'audio_id': '1254121156406948'}",False,
https://www.instagram.com/johnkeeganlifestyle,3643938089144994166,Video,DKR3mK7AMl2,"üí´ The most romantic story ever told is the story of how we met.
Her ideal way to meet a man:
Is it online? Through friends? Or is it a spontaneous moment of synchronicity ‚Äî anytime, anywhere?
As a dating coach for the past 15 years, I‚Äôve always been curious about what women truly want.
So I hit the streets of New York City to ask them.
Their answers might surprise you‚Ä¶
üëá I‚Äôd love to hear your thoughts in the comments #howwemet #streetinterview #nyclove #organicconnection #datingcoachformen #realromance #modernlove","['howwemet', 'streetinterview', 'nyclove', 'organicconnection', 'datingcoachformen', 'realromance', 'modernlove']",[],https://www.instagram.com/p/DKR3mK7AMl2/,925,She is absolutely right,"[{'id': '18066275954172703', 'text': 'She is absolutely right', 'ownerUsername': 'reneblanco69', 'ownerProfilePicUrl': 'https://instagram.ffab1-1.fna.fbcdn.net/v/t51.2885-19/166859914_897288694450467_5819044399127871288_n.jpg?stp=dst-jpg_s150x150_tt6&_nc_ht=instagram.ffab1-1.fna.fbcdn.net&_nc_cat=103&_nc_oc=Q6cZ2QFZYtJFx2JbtGys7RvfTeubdcNXlcO5Ag9B2BGEl167XRMg_VDM2sFW5GCYfwLpQWI&_nc_ohc=MlJoyJp3efUQ7kNvwEIzHw3&_nc_gid=1GIf9zqbAjMvfF52VyXNNg&edm=APs17CUBAAAA&ccb=7-5&oh=00_AfQTSye5b-twKq-bebkF0U3QZ5nJHMEYN5slT7kH862vJQ&oe=686EF82C&_nc_sid=10d13b', 'timestamp': '2025-07-05T12:48:59.000Z', 'repliesCount': 0, 'replies': [], 'likesCount': 0, 'owner': {'id': '45529021929', 'is_verified': False, 'profile_pic_url': 'https://instagram.ffab1-1.fna.fbcdn.net/v/t51.2885-19/166859914_897288694450467_5819044399127871288_n.jpg?stp=dst-jpg_s150x150_tt6&_nc_ht=instagram.ffab1-1.fna.fbcdn.net&_nc_cat=103&_nc_oc=Q6cZ2QFZYtJFx2JbtGys7RvfTeubdcNXlcO5Ag9B2BGEl167XRMg_VDM2sFW5GCYfwLpQWI&_nc_ohc=MlJoyJp3efUQ7kNvwEIzHw3&_nc_gid=1GIf9zqbAjMvfF52VyXNNg&edm=APs17CUBAAAA&ccb=7-5&oh=00_AfQTSye5b-twKq-bebkF0U3QZ5nJHMEYN5slT7kH862vJQ&oe=686EF82C&_nc_sid=10d13b', 'username': 'reneblanco69'}}, {'id': '18050646800418310', 'text': 'Women with that big headset usually mean ""dont talk to me, i cant handle that well, I\'ll call police""', 'ownerUsername': 'gunbarul_3', 'ownerProfilePicUrl': 'https://instagram.ffab1-2.fna.fbcdn.net/v/t51.2885-19/56985604_857586994581193_3133978099054542848_n.jpg?stp=dst-jpg_s150x150_tt6&_nc_ht=instagram.ffab1-2.fna.fbcdn.net&_nc_cat=101&_nc_oc=Q6cZ2QFZYtJFx2JbtGys7RvfTeubdcNXlcO5Ag9B2BGEl167XRMg_VDM2sFW5GCYfwLpQWI&_nc_ohc=McD2ewr8ZaIQ7kNvwG2Pc7H&_nc_gid=1GIf9zqbAjMvfF52VyXNNg&edm=APs17CUBAAAA&ccb=7-5&oh=00_AfRfmZaSH-wSxtgwLTWGfsT4TU1z2wv6JSNmSTtLSCDVfw&oe=686F11BD&_nc_sid=10d13b', 'timestamp': '2025-07-05T07:28:31.000Z', 'repliesCount': 0, 'replies': [], 'likesCount': 0, 'owner': {'id': '1414563904', 'is_verified': False, 'profile_pic_url': 'https://instagram.ffab1-2.fna.fbcdn.net/v/t51.2885-19/56985604_857586994581193_3133978099054542848_n.jpg?stp=dst-jpg_s150x150_tt6&_nc_ht=instagram.ffab1-2.fna.fbcdn.net&_nc_cat=101&_nc_oc=Q6cZ2QFZYtJFx2JbtGys7RvfTeubdcNXlcO5Ag9B2BGEl167XRMg_VDM2sFW5GCYfwLpQWI&_nc_ohc=McD2ewr8ZaIQ7kNvwG2Pc7H&_nc_gid=1GIf9zqbAjMvfF52VyXNNg&edm=APs17CUBAAAA&ccb=7-5&oh=00_AfRfmZaSH-wSxtgwLTWGfsT4TU1z2wv6JSNmSTtLSCDVfw&oe=686F11BD&_nc_sid=10d13b', 'username': 'gunbarul_3'}}, {'id': '18144559339393809', 'text': 'Est√° hermosa', 'ownerUsername': 'carlosreyes7270', 'ownerProfilePicUrl': 'https://instagram.ffab1-2.fna.fbcdn.net/v/t51.2885-19/491526994_1002742498493503_8456871824677601834_n.jpg?stp=dst-jpg_s150x150_tt6&_nc_ht=instagram.ffab1-2.fna.fbcdn.net&_nc_cat=107&_nc_oc=Q6cZ2QFZYtJFx2JbtGys7RvfTeubdcNXlcO5Ag9B2BGEl167XRMg_VDM2sFW5GCYfwLpQWI&_nc_ohc=GVtvSZ2cwRQQ7kNvwGj4lRR&_nc_gid=1GIf9zqbAjMvfF52VyXNNg&edm=APs17CUBAAAA&ccb=7-5&oh=00_AfSncqIfn8CB5Dsr3yLK1fu0D723VLpP6Ym0ucSpnWgCoA&oe=686F19AC&_nc_sid=10d13b', 'timestamp': '2025-07-05T05:19:46.000Z', 'repliesCount': 0, 'replies': [], 'likesCount': 0, 'owner': {'id': '42744984622', 'is_verified': False, 'profile_pic_url': 'https://instagram.ffab1-2.fna.fbcdn.net/v/t51.2885-19/491526994_1002742498493503_8456871824677601834_n.jpg?stp=dst-jpg_s150x150_tt6&_nc_ht=instagram.ffab1-2.fna.fbcdn.net&_nc_cat=107&_nc_oc=Q6cZ2QFZYtJFx2JbtGys7RvfTeubdcNXlcO5Ag9B2BGEl167XRMg_VDM2sFW5GCYfwLpQWI&_nc_ohc=GVtvSZ2cwRQQ7kNvwGj4lRR&_nc_gid=1GIf9zqbAjMvfF52VyXNNg&edm=APs17CUBAAAA&ccb=7-5&oh=00_AfSncqIfn8CB5Dsr3yLK1fu0D723VLpP6Ym0ucSpnWgCoA&oe=686F19AC&_nc_sid=10d13b', 'username': 'carlosreyes7270'}}, {'id': '18080829058798699', 'text': 'Well she looks about 15 or 16 so I would say probably ball games', 'ownerUsername': 'cinema.worldwide000', 'ownerProfilePicUrl': 'https://instagram.ffab1-1.fna.fbcdn.net/v/t51.2885-19/432263970_277937965343901_7778283200013299443_n.jpg?stp=dst-jpg_s150x150_tt6&_nc_ht=instagram.ffab1-1.fna.fbcdn.net&_nc_cat=109&_nc_oc=Q6cZ2QFZYtJFx2JbtGys7RvfTeubdcNXlcO5Ag9B2BGEl167XRMg_VDM2sFW5GCYfwLpQWI&_nc_ohc=6TOZo7FWdP4Q7kNvwGgMyKs&_nc_gid=1GIf9zqbAjMvfF52VyXNNg&edm=APs17CUBAAAA&ccb=7-5&oh=00_AfSD3S-1r4qjWqIuakM9l3qJ18_ziFA3yKbta5Q95RaARg&oe=686EFBC9&_nc_sid=10d13b', 'timestamp': '2025-07-05T03:37:12.000Z', 'repliesCount': 0, 'replies': [], 'likesCount': 0, 'owner': {'id': '65204444208', 'is_verified': False, 'profile_pic_url': 'https://instagram.ffab1-1.fna.fbcdn.net/v/t51.2885-19/432263970_277937965343901_7778283200013299443_n.jpg?stp=dst-jpg_s150x150_tt6&_nc_ht=instagram.ffab1-1.fna.fbcdn.net&_nc_cat=109&_nc_oc=Q6cZ2QFZYtJFx2JbtGys7RvfTeubdcNXlcO5Ag9B2BGEl167XRMg_VDM2sFW5GCYfwLpQWI&_nc_ohc=6TOZo7FWdP4Q7kNvwGgMyKs&_nc_gid=1GIf9zqbAjMvfF52VyXNNg&edm=APs17CUBAAAA&ccb=7-5&oh=00_AfSD3S-1r4qjWqIuakM9l3qJ18_ziFA3yKbta5Q95RaARg&oe=686EFBC9&_nc_sid=10d13b', 'username': 'cinema.worldwide000'}}, {'id': '18072500974812864', 'text': ""she's totally right, me and my wife met because we both got stuck in porta potties that were next to eachother at a festival and some teens flipped both of them and when we came crawling out covered in piss and shit, nobody wanted to hang out with us because there was no way to shower or change. so for the next three days, we shared a tent and just had an instant connection, I proposed to her before we even left the festival. we've been together for almost 50 years now"", 'ownerUsername': 'island_sand_and_seal', 'ownerProfilePicUrl': 'https://instagram.ffab1-2.fna.fbcdn.net/v/t51.2885-19/469724843_506245249239892_444193184323786294_n.jpg?stp=dst-jpg_s150x150_tt6&_nc_ht=instagram.ffab1-2.fna.fbcdn.net&_nc_cat=104&_nc_oc=Q6cZ2QFZYtJFx2JbtGys7RvfTeubdcNXlcO5Ag9B2BGEl167XRMg_VDM2sFW5GCYfwLpQWI&_nc_ohc=_qo7YL1NxUYQ7kNvwHpqgIZ&_nc_gid=1GIf9zqbAjMvfF52VyXNNg&edm=APs17CUBAAAA&ccb=7-5&oh=00_AfRygWGCg0JLZkw6DQfwJZbBqlQ4md3TEGQvg3ADRz5clA&oe=686F05FB&_nc_sid=10d13b', 'timestamp': '2025-07-04T17:58:39.000Z', 'repliesCount': 0, 'replies': [], 'likesCount': 0, 'owner': {'id': '70984120216', 'is_verified': False, 'profile_pic_url': 'https://instagram.ffab1-2.fna.fbcdn.net/v/t51.2885-19/469724843_506245249239892_444193184323786294_n.jpg?stp=dst-jpg_s150x150_tt6&_nc_ht=instagram.ffab1-2.fna.fbcdn.net&_nc_cat=104&_nc_oc=Q6cZ2QFZYtJFx2JbtGys7RvfTeubdcNXlcO5Ag9B2BGEl167XRMg_VDM2sFW5GCYfwLpQWI&_nc_ohc=_qo7YL1NxUYQ7kNvwHpqgIZ&_nc_gid=1GIf9zqbAjMvfF52VyXNNg&edm=APs17CUBAAAA&ccb=7-5&oh=00_AfRygWGCg0JLZkw6DQfwJZbBqlQ4md3TEGQvg3ADRz5clA&oe=686F05FB&_nc_sid=10d13b', 'username': 'island_sand_and_seal'}}, {'id': '18030351572678115', 'text': 'Of men would follow this principle , there would be no dates', 'ownerUsername': 'flaneurfinnois', 'ownerProfilePicUrl': 'https://instagram.ffab1-1.fna.fbcdn.net/v/t51.2885-19/368137551_855350416108700_3870786001265347027_n.jpg?stp=dst-jpg_s150x150_tt6&_nc_ht=instagram.ffab1-1.fna.fbcdn.net&_nc_cat=108&_nc_oc=Q6cZ2QFZYtJFx2JbtGys7RvfTeubdcNXlcO5Ag9B2BGEl167XRMg_VDM2sFW5GCYfwLpQWI&_nc_ohc=Y0K9kQTIpYwQ7kNvwE2u4ce&_nc_gid=1GIf9zqbAjMvfF52VyXNNg&edm=APs17CUBAAAA&ccb=7-5&oh=00_AfRPugLDz8WcejAuE-ENW7IZgG6YOemPEEwpurck4DBe_w&oe=686EFCDE&_nc_sid=10d13b', 'timestamp': '2025-07-04T14:59:42.000Z', 'repliesCount': 0, 'replies': [], 'likesCount': 1, 'owner': {'id': '3940004507', 'is_verified': False, 'profile_pic_url': 'https://instagram.ffab1-1.fna.fbcdn.net/v/t51.2885-19/368137551_855350416108700_3870786001265347027_n.jpg?stp=dst-jpg_s150x150_tt6&_nc_ht=instagram.ffab1-1.fna.fbcdn.net&_nc_cat=108&_nc_oc=Q6cZ2QFZYtJFx2JbtGys7RvfTeubdcNXlcO5Ag9B2BGEl167XRMg_VDM2sFW5GCYfwLpQWI&_nc_ohc=Y0K9kQTIpYwQ7kNvwE2u4ce&_nc_gid=1GIf9zqbAjMvfF52VyXNNg&edm=APs17CUBAAAA&ccb=7-5&oh=00_AfRPugLDz8WcejAuE-ENW7IZgG6YOemPEEwpurck4DBe_w&oe=686EFCDE&_nc_sid=10d13b', 'username': 'flaneurfinnois'}}, {'id': '18012677201576758', 'text': 'kinda looks like beck from YOU', 'ownerUsername': 'luvnavy_blue', 'ownerProfilePicUrl': 'https://instagram.ffab1-2.fna.fbcdn.net/v/t51.2885-19/442650324_962718418685958_5063860849194974649_n.jpg?stp=dst-jpg_s150x150_tt6&_nc_ht=instagram.ffab1-2.fna.fbcdn.net&_nc_cat=106&_nc_oc=Q6cZ2QFZYtJFx2JbtGys7RvfTeubdcNXlcO5Ag9B2BGEl167XRMg_VDM2sFW5GCYfwLpQWI&_nc_ohc=dAKoflycipwQ7kNvwFz5ogj&_nc_gid=1GIf9zqbAjMvfF52VyXNNg&edm=APs17CUBAAAA&ccb=7-5&oh=00_AfQsg4AP2mfuuR2uo72coEsKmWdz1Ctnq7HS_Z_2_LyDbg&oe=686EF38E&_nc_sid=10d13b', 'timestamp': '2025-07-04T08:57:25.000Z', 'repliesCount': 0, 'replies': [], 'likesCount': 0, 'owner': {'id': '66171399418', 'is_verified': False, 'profile_pic_url': 'https://instagram.ffab1-2.fna.fbcdn.net/v/t51.2885-19/442650324_962718418685958_5063860849194974649_n.jpg?stp=dst-jpg_s150x150_tt6&_nc_ht=instagram.ffab1-2.fna.fbcdn.net&_nc_cat=106&_nc_oc=Q6cZ2QFZYtJFx2JbtGys7RvfTeubdcNXlcO5Ag9B2BGEl167XRMg_VDM2sFW5GCYfwLpQWI&_nc_ohc=dAKoflycipwQ7kNvwFz5ogj&_nc_gid=1GIf9zqbAjMvfF52VyXNNg&edm=APs17CUBAAAA&ccb=7-5&oh=00_AfQsg4AP2mfuuR2uo72coEsKmWdz1Ctnq7HS_Z_2_LyDbg&oe=686EF38E&_nc_sid=10d13b', 'username': 'luvnavy_blue'}}, {'id': '18065782913154227', 'text': 'It‚Äôs like her OF‚Äôs you know what you‚Äôre looking for', 'ownerUsername': 'kavaloha_', 'ownerProfilePicUrl': 'https://instagram.ffab1-1.fna.fbcdn.net/v/t51.2885-19/162123792_787022332198071_2449808631316768302_n.jpg?stp=dst-jpg_s150x150_tt6&_nc_ht=instagram.ffab1-1.fna.fbcdn.net&_nc_cat=103&_nc_oc=Q6cZ2QFZYtJFx2JbtGys7RvfTeubdcNXlcO5Ag9B2BGEl167XRMg_VDM2sFW5GCYfwLpQWI&_nc_ohc=BEX_avhisYgQ7kNvwGLPzZr&_nc_gid=1GIf9zqbAjMvfF52VyXNNg&edm=APs17CUBAAAA&ccb=7-5&oh=00_AfQ2WoVUsGY4R-kdn83fG8RINvmTtThZ7W7Rx7wzmqcnRQ&oe=686EE857&_nc_sid=10d13b', 'timestamp': '2025-07-04T06:57:13.000Z', 'repliesCount': 0, 'replies': [], 'likesCount': 0, 'owner': {'id': '46513608736', 'is_verified': False, 'profile_pic_url': 'https://instagram.ffab1-1.fna.fbcdn.net/v/t51.2885-19/162123792_787022332198071_2449808631316768302_n.jpg?stp=dst-jpg_s150x150_tt6&_nc_ht=instagram.ffab1-1.fna.fbcdn.net&_nc_cat=103&_nc_oc=Q6cZ2QFZYtJFx2JbtGys7RvfTeubdcNXlcO5Ag9B2BGEl167XRMg_VDM2sFW5GCYfwLpQWI&_nc_ohc=BEX_avhisYgQ7kNvwGLPzZr&_nc_gid=1GIf9zqbAjMvfF52VyXNNg&edm=APs17CUBAAAA&ccb=7-5&oh=00_AfQ2WoVUsGY4R-kdn83fG8RINvmTtThZ7W7Rx7wzmqcnRQ&oe=686EE857&_nc_sid=10d13b', 'username': 'kavaloha_'}}]",1136,640,https://instagram.ffab1-2.fna.fbcdn.net/v/t51.2885-15/503023755_676990578534929_4394535769435705062_n.jpg?stp=dst-jpg_e15_tt6&_nc_ht=instagram.ffab1-2.fna.fbcdn.net&_nc_cat=105&_nc_oc=Q6cZ2QFZYtJFx2JbtGys7RvfTeubdcNXlcO5Ag9B2BGEl167XRMg_VDM2sFW5GCYfwLpQWI&_nc_ohc=2C_q08TzoTYQ7kNvwGggDUt&_nc_gid=1GIf9zqbAjMvfF52VyXNNg&edm=APs17CUBAAAA&ccb=7-5&oh=00_AfRYiNIKqdATGIC9KOOvNtdYdbevdntqRWAcyePkXPI7Tg&oe=686EF609&_nc_sid=10d13b,[],https://instagram.ffab1-1.fna.fbcdn.net/o1/v/t16/f2/m86/AQNA6Do2sM05Nyr0yPYmGMxfypN-BRWdiOP1a-jr61qbviwDO6ubF1VYAh4bPSNcAe_jNf89UsMVNDTQzs85g6x_HZkdckBJHI-PvH4.mp4?stp=dst-mp4&efg=eyJxZV9ncm91cHMiOiJbXCJpZ193ZWJfZGVsaXZlcnlfdnRzX290ZlwiXSIsInZlbmNvZGVfdGFnIjoidnRzX3ZvZF91cmxnZW4uY2xpcHMuYzIuNzIwLmJhc2VsaW5lIn0&_nc_cat=110&vs=1778997816348694_2934620561&_nc_vs=HBksFQIYUmlnX3hwdl9yZWVsc19wZXJtYW5lbnRfc3JfcHJvZC84OTRFODQ5M0ZGQjkzNzBEQTYyMEM0N0FBRDg1NkM5Nl92aWRlb19kYXNoaW5pdC5tcDQVAALIARIAFQIYOnBhc3N0aHJvdWdoX2V2ZXJzdG9yZS9HTzBhN0IzS3NaclByY3NFQUtOV05CZHM0Yzh5YnFfRUFBQUYVAgLIARIAKAAYABsAFQAAJuiBgNqy5tA%2FFQIoAkMzLBdAOZmZmZmZmhgSZGFzaF9iYXNlbGluZV8xX3YxEQB1%2Fgdl5p0BAA%3D%3D&_nc_rid=936b8fad9e&ccb=9-4&oh=00_AfTeTQRFbFyQsWYMZOYelCdLbMo2f_fd9CU9LLGeyHJV4w&oe=686B1EF0&_nc_sid=10d13b,,25752,0,1960051,2025-05-30T13:33:39.000Z,[],John Keegan,johnkeeganlifestyle,4156244975,clips,25.61,False,"{'artist_name': 'johnkeeganlifestyle', 'song_name': 'Original audio', 'uses_original_audio': True, 'should_mute_audio': False, 'should_mute_audio_reason': '', 'audio_id': '1667871670543418'}",False,
https://www.instagram.com/johnkeeganlifestyle,3668574610007291937,Video,DLpZSu9gHgh,"Who should pay on the first date ‚Äî the man, the woman, or split it?

This simple question reveals a lot about how people view modern dating.
Her answer might surprise you‚Ä¶

üëá what do YOU do on a first date? Drop your rule in the comments.
#firstdate #datingadviceformen #masculinity #datingcoach #moneymatters #datingetiquette #firstdatetips","['firstdate', 'datingadviceformen', 'masculinity', 'datingcoach', 'moneymatters', 'datingetiquette', 'firstdatetips']",[],https://www.instagram.com/p/DLpZSu9gHgh/,27,Man !!! Always,"[{'id': '18175867285330986', 'text': 'Man !!! Always', 'ownerUsername': 'kristinala_change', 'ownerProfilePicUrl': 'https://instagram.fixz3-1.fna.fbcdn.net/v/t51.2885-19/454529141_1014026250387249_5449598019081462378_n.jpg?stp=dst-jpg_s150x150_tt6&_nc_ht=instagram.fixz3-1.fna.fbcdn.net&_nc_cat=109&_nc_oc=Q6cZ2QGA97BEFxA01c9MK9gCRR6rqfJs2ErkQLbBv8vxs2tsiZWop5B1Kl3ZY5PWk6ZGoSA&_nc_ohc=fnyCWStZoBcQ7kNvwF5mTsc&_nc_gid=sQ16xWXOgukrd1PZ1BXFrw&edm=APs17CUBAAAA&ccb=7-5&oh=00_AfSvjXNdMdRC1z_XI-u4s4CrnLf9f-yJlAsckQZ65WY-uw&oe=686EFE21&_nc_sid=10d13b', 'timestamp': '2025-07-04T16:48:51.000Z', 'repliesCount': 0, 'replies': [], 'likesCount': 0, 'owner': {'id': '47882513850', 'is_verified': False, 'profile_pic_url': 'https://instagram.fixz3-1.fna.fbcdn.net/v/t51.2885-19/454529141_1014026250387249_5449598019081462378_n.jpg?stp=dst-jpg_s150x150_tt6&_nc_ht=instagram.fixz3-1.fna.fbcdn.net&_nc_cat=109&_nc_oc=Q6cZ2QGA97BEFxA01c9MK9gCRR6rqfJs2ErkQLbBv8vxs2tsiZWop5B1Kl3ZY5PWk6ZGoSA&_nc_ohc=fnyCWStZoBcQ7kNvwF5mTsc&_nc_gid=sQ16xWXOgukrd1PZ1BXFrw&edm=APs17CUBAAAA&ccb=7-5&oh=00_AfSvjXNdMdRC1z_XI-u4s4CrnLf9f-yJlAsckQZ65WY-uw&oe=686EFE21&_nc_sid=10d13b', 'username': 'kristinala_change'}}, {'id': '18059830766464741', 'text': '@johnkeeganlifestyle if you don‚Äôt fix the subtitles with a long sentence I‚Äôll unfollow you', 'ownerUsername': 'letsdonateourhair', 'ownerProfilePicUrl': 'https://instagram.fixz3-1.fna.fbcdn.net/v/t51.2885-19/259774642_411886617079313_2609079629157381581_n.jpg?stp=dst-jpg_s150x150_tt6&_nc_ht=instagram.fixz3-1.fna.fbcdn.net&_nc_cat=105&_nc_oc=Q6cZ2QGA97BEFxA01c9MK9gCRR6rqfJs2ErkQLbBv8vxs2tsiZWop5B1Kl3ZY5PWk6ZGoSA&_nc_ohc=8qBle4KyRHIQ7kNvwHFTYfR&_nc_gid=sQ16xWXOgukrd1PZ1BXFrw&edm=APs17CUBAAAA&ccb=7-5&oh=00_AfQ_YAbPBirASpj3EGJiTU-_q6gkx7ZAmPTcj2OdmcLkLw&oe=686EECA7&_nc_sid=10d13b', 'timestamp': '2025-07-04T15:09:17.000Z', 'repliesCount': 0, 'replies': [], 'likesCount': 0, 'owner': {'id': '50187966097', 'is_verified': False, 'profile_pic_url': 'https://instagram.fixz3-1.fna.fbcdn.net/v/t51.2885-19/259774642_411886617079313_2609079629157381581_n.jpg?stp=dst-jpg_s150x150_tt6&_nc_ht=instagram.fixz3-1.fna.fbcdn.net&_nc_cat=105&_nc_oc=Q6cZ2QGA97BEFxA01c9MK9gCRR6rqfJs2ErkQLbBv8vxs2tsiZWop5B1Kl3ZY5PWk6ZGoSA&_nc_ohc=8qBle4KyRHIQ7kNvwHFTYfR&_nc_gid=sQ16xWXOgukrd1PZ1BXFrw&edm=APs17CUBAAAA&ccb=7-5&oh=00_AfQ_YAbPBirASpj3EGJiTU-_q6gkx7ZAmPTcj2OdmcLkLw&oe=686EECA7&_nc_sid=10d13b', 'username': 'letsdonateourhair'}}, {'id': '18105103387546858', 'text': ""She can fix me. I'm sure if I had a girlfriend like her I wasn't a loser üò≠‚ù§Ô∏è"", 'ownerUsername': 'poorvirginugly', 'ownerProfilePicUrl': 'https://instagram.fixz3-1.fna.fbcdn.net/v/t51.2885-19/470276216_462077176599161_4961259066837983854_n.jpg?stp=dst-jpg_s150x150_tt6&_nc_ht=instagram.fixz3-1.fna.fbcdn.net&_nc_cat=105&_nc_oc=Q6cZ2QGA97BEFxA01c9MK9gCRR6rqfJs2ErkQLbBv8vxs2tsiZWop5B1Kl3ZY5PWk6ZGoSA&_nc_ohc=SgHOQ5YS2TUQ7kNvwFu2kR1&_nc_gid=sQ16xWXOgukrd1PZ1BXFrw&edm=APs17CUBAAAA&ccb=7-5&oh=00_AfTwNabiZygqFNupJqPoLjw6Q9k30L4MM4s1YTdZu5swKA&oe=686F1AAB&_nc_sid=10d13b', 'timestamp': '2025-07-04T07:59:44.000Z', 'repliesCount': 0, 'replies': [], 'likesCount': 0, 'owner': {'id': '71562760248', 'is_verified': False, 'profile_pic_url': 'https://instagram.fixz3-1.fna.fbcdn.net/v/t51.2885-19/470276216_462077176599161_4961259066837983854_n.jpg?stp=dst-jpg_s150x150_tt6&_nc_ht=instagram.fixz3-1.fna.fbcdn.net&_nc_cat=105&_nc_oc=Q6cZ2QGA97BEFxA01c9MK9gCRR6rqfJs2ErkQLbBv8vxs2tsiZWop5B1Kl3ZY5PWk6ZGoSA&_nc_ohc=SgHOQ5YS2TUQ7kNvwFu2kR1&_nc_gid=sQ16xWXOgukrd1PZ1BXFrw&edm=APs17CUBAAAA&ccb=7-5&oh=00_AfTwNabiZygqFNupJqPoLjw6Q9k30L4MM4s1YTdZu5swKA&oe=686F1AAB&_nc_sid=10d13b', 'username': 'poorvirginugly'}}, {'id': '18079017757896286', 'text': 'I‚Äôll sell everything today if you pick me up at the bus stop tomorrowüòÇüòÇüòÇ', 'ownerUsername': 'itsacrazyworld3333', 'ownerProfilePicUrl': 'https://instagram.fixz3-1.fna.fbcdn.net/v/t51.2885-19/472045275_2860964674069269_2130741176945133785_n.jpg?stp=dst-jpg_s150x150_tt6&_nc_ht=instagram.fixz3-1.fna.fbcdn.net&_nc_cat=109&_nc_oc=Q6cZ2QGA97BEFxA01c9MK9gCRR6rqfJs2ErkQLbBv8vxs2tsiZWop5B1Kl3ZY5PWk6ZGoSA&_nc_ohc=vVwYvJX50uMQ7kNvwGNTKno&_nc_gid=sQ16xWXOgukrd1PZ1BXFrw&edm=APs17CUBAAAA&ccb=7-5&oh=00_AfTxqUJXBjrBjJRVomSu11FFr3zXzEHNDzcVw6YfI4-8VA&oe=686EE6AE&_nc_sid=10d13b', 'timestamp': '2025-07-04T03:29:10.000Z', 'repliesCount': 0, 'replies': [], 'likesCount': 0, 'owner': {'id': '7600706700', 'is_verified': False, 'profile_pic_url': 'https://instagram.fixz3-1.fna.fbcdn.net/v/t51.2885-19/472045275_2860964674069269_2130741176945133785_n.jpg?stp=dst-jpg_s150x150_tt6&_nc_ht=instagram.fixz3-1.fna.fbcdn.net&_nc_cat=109&_nc_oc=Q6cZ2QGA97BEFxA01c9MK9gCRR6rqfJs2ErkQLbBv8vxs2tsiZWop5B1Kl3ZY5PWk6ZGoSA&_nc_ohc=vVwYvJX50uMQ7kNvwGNTKno&_nc_gid=sQ16xWXOgukrd1PZ1BXFrw&edm=APs17CUBAAAA&ccb=7-5&oh=00_AfTxqUJXBjrBjJRVomSu11FFr3zXzEHNDzcVw6YfI4-8VA&oe=686EE6AE&_nc_sid=10d13b', 'username': 'itsacrazyworld3333'}}, {'id': '18088619383588816', 'text': 'I can fix her', 'ownerUsername': 'vlatkomk', 'ownerProfilePicUrl': 'https://instagram.fixz3-1.fna.fbcdn.net/v/t51.2885-19/17662949_783685918460881_8898067885256081408_a.jpg?stp=dst-jpg_s150x150_tt6&_nc_ht=instagram.fixz3-1.fna.fbcdn.net&_nc_cat=101&_nc_oc=Q6cZ2QGA97BEFxA01c9MK9gCRR6rqfJs2ErkQLbBv8vxs2tsiZWop5B1Kl3ZY5PWk6ZGoSA&_nc_ohc=SUsTDAZHg_UQ7kNvwH3HCYi&_nc_gid=sQ16xWXOgukrd1PZ1BXFrw&edm=APs17CUBAAAA&ccb=7-5&oh=00_AfRKxlGT7LNST5Lm4LKMe7IkscqvckAisq8nDDKZ2gR2SA&oe=686EE533&_nc_sid=10d13b', 'timestamp': '2025-07-03T19:33:56.000Z', 'repliesCount': 0, 'replies': [], 'likesCount': 0, 'owner': {'id': '285866295', 'is_verified': False, 'profile_pic_url': 'https://instagram.fixz3-1.fna.fbcdn.net/v/t51.2885-19/17662949_783685918460881_8898067885256081408_a.jpg?stp=dst-jpg_s150x150_tt6&_nc_ht=instagram.fixz3-1.fna.fbcdn.net&_nc_cat=101&_nc_oc=Q6cZ2QGA97BEFxA01c9MK9gCRR6rqfJs2ErkQLbBv8vxs2tsiZWop5B1Kl3ZY5PWk6ZGoSA&_nc_ohc=SUsTDAZHg_UQ7kNvwH3HCYi&_nc_gid=sQ16xWXOgukrd1PZ1BXFrw&edm=APs17CUBAAAA&ccb=7-5&oh=00_AfRKxlGT7LNST5Lm4LKMe7IkscqvckAisq8nDDKZ2gR2SA&oe=686EE533&_nc_sid=10d13b', 'username': 'vlatkomk'}}, {'id': '18506294575027954', 'text': 'If women pays on the first day, they get used by men women don‚Äôt realize they‚Äôre setting themselves up. She could be given the guy sex and he‚Äôs actually having sex with another woman while she‚Äôs paying for everything. Women are ü§™ü§∑üèΩ\u200d‚ôÇÔ∏èü§¶üèΩ\u200d‚ôÇÔ∏è', 'ownerUsername': 'noble_0921', 'ownerProfilePicUrl': 'https://instagram.fixz3-1.fna.fbcdn.net/v/t51.2885-19/469287928_1837358027003473_112406374006949386_n.jpg?stp=dst-jpg_s150x150_tt6&_nc_ht=instagram.fixz3-1.fna.fbcdn.net&_nc_cat=101&_nc_oc=Q6cZ2QGA97BEFxA01c9MK9gCRR6rqfJs2ErkQLbBv8vxs2tsiZWop5B1Kl3ZY5PWk6ZGoSA&_nc_ohc=EhpyM9Or3ywQ7kNvwEhfG1Q&_nc_gid=sQ16xWXOgukrd1PZ1BXFrw&edm=APs17CUBAAAA&ccb=7-5&oh=00_AfQGX8yNHQXmfuYnA2TAgLpD2yN1OXWU0A78e78jIMmMNA&oe=686F136E&_nc_sid=10d13b', 'timestamp': '2025-07-03T17:57:31.000Z', 'repliesCount': 0, 'replies': [], 'likesCount': 1, 'owner': {'id': '50310341496', 'is_verified': False, 'profile_pic_url': 'https://instagram.fixz3-1.fna.fbcdn.net/v/t51.2885-19/469287928_1837358027003473_112406374006949386_n.jpg?stp=dst-jpg_s150x150_tt6&_nc_ht=instagram.fixz3-1.fna.fbcdn.net&_nc_cat=101&_nc_oc=Q6cZ2QGA97BEFxA01c9MK9gCRR6rqfJs2ErkQLbBv8vxs2tsiZWop5B1Kl3ZY5PWk6ZGoSA&_nc_ohc=EhpyM9Or3ywQ7kNvwEhfG1Q&_nc_gid=sQ16xWXOgukrd1PZ1BXFrw&edm=APs17CUBAAAA&ccb=7-5&oh=00_AfQGX8yNHQXmfuYnA2TAgLpD2yN1OXWU0A78e78jIMmMNA&oe=686F136E&_nc_sid=10d13b', 'username': 'noble_0921'}}, {'id': '18146991376381288', 'text': 'I‚Äôm not a fan of', 'ownerUsername': 'm.benitez_', 'ownerProfilePicUrl': 'https://instagram.fixz3-1.fna.fbcdn.net/v/t51.2885-19/454725564_939641701264931_8888244219000426118_n.jpg?stp=dst-jpg_s150x150_tt6&_nc_ht=instagram.fixz3-1.fna.fbcdn.net&_nc_cat=111&_nc_oc=Q6cZ2QGA97BEFxA01c9MK9gCRR6rqfJs2ErkQLbBv8vxs2tsiZWop5B1Kl3ZY5PWk6ZGoSA&_nc_ohc=GsPZH510NssQ7kNvwHF43qi&_nc_gid=sQ16xWXOgukrd1PZ1BXFrw&edm=APs17CUBAAAA&ccb=7-5&oh=00_AfTY6X9m_xkb9s11mtICbdu6lNJ-Fb06lf7_3wgQsWo8Zg&oe=686F0924&_nc_sid=10d13b', 'timestamp': '2025-07-03T16:18:02.000Z', 'repliesCount': 0, 'replies': [], 'likesCount': 0, 'owner': {'id': '342541504', 'is_verified': False, 'profile_pic_url': 'https://instagram.fixz3-1.fna.fbcdn.net/v/t51.2885-19/454725564_939641701264931_8888244219000426118_n.jpg?stp=dst-jpg_s150x150_tt6&_nc_ht=instagram.fixz3-1.fna.fbcdn.net&_nc_cat=111&_nc_oc=Q6cZ2QGA97BEFxA01c9MK9gCRR6rqfJs2ErkQLbBv8vxs2tsiZWop5B1Kl3ZY5PWk6ZGoSA&_nc_ohc=GsPZH510NssQ7kNvwHF43qi&_nc_gid=sQ16xWXOgukrd1PZ1BXFrw&edm=APs17CUBAAAA&ccb=7-5&oh=00_AfTY6X9m_xkb9s11mtICbdu6lNJ-Fb06lf7_3wgQsWo8Zg&oe=686F0924&_nc_sid=10d13b', 'username': 'm.benitez_'}}, {'id': '17955361469968365', 'text': 'She gets wounded by broke F-Boys .. so when she eventually gets married to some ugly dude with money, the dudes she smashed actually have envy verses having a sense pompousness and belittlement toward the man who put a ring on the finger.', 'ownerUsername': 'ccslick2', 'ownerProfilePicUrl': 'https://instagram.fixz3-1.fna.fbcdn.net/v/t51.2885-19/462728413_475121942241855_4386590486190401856_n.jpg?stp=dst-jpg_s150x150_tt6&_nc_ht=instagram.fixz3-1.fna.fbcdn.net&_nc_cat=103&_nc_oc=Q6cZ2QGA97BEFxA01c9MK9gCRR6rqfJs2ErkQLbBv8vxs2tsiZWop5B1Kl3ZY5PWk6ZGoSA&_nc_ohc=zhTq1WoSdKgQ7kNvwHvIm12&_nc_gid=sQ16xWXOgukrd1PZ1BXFrw&edm=APs17CUBAAAA&ccb=7-5&oh=00_AfTzf6VaTsfnV7bS6glFG7oTKI7nXp9b3tZZ6VzOtP2vqQ&oe=686F0435&_nc_sid=10d13b', 'timestamp': '2025-07-03T16:00:16.000Z', 'repliesCount': 0, 'replies': [], 'likesCount': 0, 'owner': {'id': '70115338987', 'is_verified': False, 'profile_pic_url': 'https://instagram.fixz3-1.fna.fbcdn.net/v/t51.2885-19/462728413_475121942241855_4386590486190401856_n.jpg?stp=dst-jpg_s150x150_tt6&_nc_ht=instagram.fixz3-1.fna.fbcdn.net&_nc_cat=103&_nc_oc=Q6cZ2QGA97BEFxA01c9MK9gCRR6rqfJs2ErkQLbBv8vxs2tsiZWop5B1Kl3ZY5PWk6ZGoSA&_nc_ohc=zhTq1WoSdKgQ7kNvwHvIm12&_nc_gid=sQ16xWXOgukrd1PZ1BXFrw&edm=APs17CUBAAAA&ccb=7-5&oh=00_AfTzf6VaTsfnV7bS6glFG7oTKI7nXp9b3tZZ6VzOtP2vqQ&oe=686F0435&_nc_sid=10d13b', 'username': 'ccslick2'}}, {'id': '18184781326318099', 'text': 'Want to date a rich one?', 'ownerUsername': 'tal.nevo', 'ownerProfilePicUrl': 'https://instagram.fixz3-1.fna.fbcdn.net/v/t51.2885-19/514190513_18508876282054853_8940002424088187862_n.jpg?stp=dst-jpg_s150x150_tt6&_nc_ht=instagram.fixz3-1.fna.fbcdn.net&_nc_cat=105&_nc_oc=Q6cZ2QGA97BEFxA01c9MK9gCRR6rqfJs2ErkQLbBv8vxs2tsiZWop5B1Kl3ZY5PWk6ZGoSA&_nc_ohc=c7p8Y3NR9x8Q7kNvwHYlriq&_nc_gid=sQ16xWXOgukrd1PZ1BXFrw&edm=APs17CUBAAAA&ccb=7-5&oh=00_AfQMdTYVVPgIqZ_SG1EfJwp18M42N9Z09A6Z6u9Nz9sGgQ&oe=686EE6C4&_nc_sid=10d13b', 'timestamp': '2025-07-03T15:48:46.000Z', 'repliesCount': 0, 'replies': [], 'likesCount': 0, 'owner': {'id': '44598852', 'is_verified': False, 'profile_pic_url': 'https://instagram.fixz3-1.fna.fbcdn.net/v/t51.2885-19/514190513_18508876282054853_8940002424088187862_n.jpg?stp=dst-jpg_s150x150_tt6&_nc_ht=instagram.fixz3-1.fna.fbcdn.net&_nc_cat=105&_nc_oc=Q6cZ2QGA97BEFxA01c9MK9gCRR6rqfJs2ErkQLbBv8vxs2tsiZWop5B1Kl3ZY5PWk6ZGoSA&_nc_ohc=c7p8Y3NR9x8Q7kNvwHYlriq&_nc_gid=sQ16xWXOgukrd1PZ1BXFrw&edm=APs17CUBAAAA&ccb=7-5&oh=00_AfQMdTYVVPgIqZ_SG1EfJwp18M42N9Z09A6Z6u9Nz9sGgQ&oe=686EE6C4&_nc_sid=10d13b', 'username': 'tal.nevo'}}]",1136,640,https://instagram.fixz3-1.fna.fbcdn.net/v/t51.2885-15/515497083_599733729484429_2142041174149720061_n.jpg?stp=dst-jpg_e15_tt6&_nc_ht=instagram.fixz3-1.fna.fbcdn.net&_nc_cat=101&_nc_oc=Q6cZ2QGA97BEFxA01c9MK9gCRR6rqfJs2ErkQLbBv8vxs2tsiZWop5B1Kl3ZY5PWk6ZGoSA&_nc_ohc=c5WoOnkk0qwQ7kNvwG4P4ye&_nc_gid=sQ16xWXOgukrd1PZ1BXFrw&edm=APs17CUBAAAA&ccb=7-5&oh=00_AfTTzY-xF9oy36ryFqgPS_v6vfVN_S53uWjDFbqwKyTuvA&oe=686F15B2&_nc_sid=10d13b,[],https://instagram.fixz3-1.fna.fbcdn.net/o1/v/t16/f2/m86/AQMY9Se2-tuq4nNq7vFBTdAyw7Q7FIP42gihE98WIAbkILfsaIY3f_P8LWPxWSGXytbt44UJa4rO5mj1U0OvjeC912HB_4Rf967AH4k.mp4?stp=dst-mp4&efg=eyJxZV9ncm91cHMiOiJbXCJpZ193ZWJfZGVsaXZlcnlfdnRzX290ZlwiXSIsInZlbmNvZGVfdGFnIjoidnRzX3ZvZF91cmxnZW4uY2xpcHMuYzIuNzIwLmJhc2VsaW5lIn0&_nc_cat=108&vs=1273943754369086_2972433132&_nc_vs=HBksFQIYUmlnX3hwdl9yZWVsc19wZXJtYW5lbnRfc3JfcHJvZC9ERDQxODYxMjhCRkFCQjJBQ0ZENjg1MjA3ODVCMDBCM192aWRlb19kYXNoaW5pdC5tcDQVAALIARIAFQIYOnBhc3N0aHJvdWdoX2V2ZXJzdG9yZS9HSExmcHg2UldlZGNNb1FDQURnVXh1X0tMQWtYYnFfRUFBQUYVAgLIARIAKAAYABsAFQAAJujA66Hmx9I%2FFQIoAkMzLBdAR%2BqfvnbItBgSZGFzaF9iYXNlbGluZV8xX3YxEQB1%2Fgdl5p0BAA%3D%3D&_nc_rid=d8c67dc2e0&ccb=9-4&oh=00_AfTDPNUOoQXpwp4GqwumRVcstxgKZVKRXDjhiw-UUpLztw&oe=686B1BBF&_nc_sid=10d13b,,176,0,12590,2025-07-03T13:13:07.000Z,[],John Keegan,johnkeeganlifestyle,4156244975,clips,47.833,False,"{'artist_name': 'johnkeeganlifestyle', 'song_name': 'Original audio', 'uses_original_audio': True, 'should_mute_audio': False, 'should_mute_audio_reason': '', 'audio_id': '724929433732229'}",False,
